month,trades,win_rate_pct,avg_winner,avg_loser,profit_factor,avg_volume,gross_profit,gross_loss,net,fvg,ob,sz,lsweep
2018-12,39,71.79,608.50,498.36,3.1080,3.8903,17037.90,5482.00,11555.90,34,2,2,0
2019-01,46,65.22,485.80,333.31,2.7328,4.7026,14574.06,5333.00,9241.06,42,0,3,0
2019-02,33,69.70,695.20,301.70,5.2998,4.7821,15989.61,3017.00,12972.61,27,3,2,0
2019-03,98,67.35,274.50,119.35,4.8964,4.8872,18116.86,3700.00,14416.86,92,5,0,0
2019-04,435,63.91,96.46,92.01,1.8803,5.0000,26817.00,14262.00,12555.00,324,52,21,0
2019-05,505,66.93,161.02,124.53,2.6812,4.9880,54424.68,20299.00,34125.68,386,39,29,0
2019-06,500,69.20,130.22,135.69,2.1703,5.0000,45056.00,20760.00,24296.00,378,63,34,0
2019-07,496,64.11,117.53,90.62,2.3567,5.0000,37375.00,15859.00,21516.00,378,55,29,0
2019-08,500,68.60,190.76,144.69,2.8804,4.9923,65430.84,22716.00,42714.84,401,36,32,0
2019-09,449,65.70,145.80,119.69,2.4117,4.9962,43010.05,17834.00,25176.05,319,45,38,0
2019-10,505,66.73,140.12,118.06,2.4095,5.0000,47222.00,19598.00,27624.00,371,68,31,0
2019-11,446,63.90,100.48,79.16,2.2611,5.0000,28637.00,12665.00,15972.00,327,49,32,0
2019-12,378,60.58,107.22,89.85,1.8341,5.0000,24553.00,13387.00,11166.00,302,34,16,0
2020-01,462,66.02,133.46,108.17,2.4276,5.0000,40704.00,16767.00,23937.00,344,58,17,0
2020-02,429,68.07,269.30,158.50,3.6749,4.9997,78635.82,21398.00,57237.82,325,49,31,0
2020-03,477,73.38,585.40,461.36,3.4968,4.9600,204889.06,58593.00,146296.06,357,64,39,0
2020-04,503,70.97,287.92,312.85,2.2815,5.0000,102786.00,45051.00,57735.00,405,38,23,0
2020-05,488,74.80,232.23,195.61,3.5518,5.0000,84764.00,23865.00,60899.00,379,44,27,0
2020-06,532,73.31,240.19,205.99,3.2252,5.0000,93673.00,29044.00,64629.00,421,47,23,0
2020-07,545,70.64,251.82,199.65,3.0734,5.0000,96951.00,31545.00,65406.00,432,52,25,0
2020-08,499,65.73,212.59,190.48,2.1790,5.0000,69729.00,32000.00,37729.00,385,54,23,0
2020-09,562,75.98,351.84,314.88,3.5606,5.0000,150235.00,42194.00,108041.00,435,51,30,0
2020-10,492,75.81,289.50,251.22,3.7056,5.0000,107985.00,29141.00,78844.00,353,50,41,0
2020-11,546,73.26,325.37,236.35,3.7717,5.0000,130149.00,34507.00,95642.00,418,52,36,0
2020-12,486,69.96,169.12,142.04,2.8509,5.0000,57502.00,20170.00,37332.00,361,44,35,0
2021-01,425,65.88,307.71,182.38,3.3504,5.0000,86159.00,25716.00,60443.00,334,40,32,0
2021-02,460,69.57,279.81,217.44,2.9839,5.0000,89538.00,30007.00,59531.00,342,54,26,0
2021-03,582,72.34,383.60,307.25,3.3058,5.0000,161494.00,48852.00,112642.00,456,54,31,0
2021-04,536,76.31,226.17,175.43,4.1849,5.0000,92504.00,22104.00,70400.00,404,81,19,0
2021-05,465,76.56,253.80,212.98,3.9281,5.0000,90354.00,23002.00,67352.00,365,41,36,0
2021-06,556,70.14,213.71,151.03,3.4276,5.0000,83345.00,24316.00,59029.00,416,52,31,0
2021-07,507,71.01,205.79,175.92,2.9042,5.0000,74083.00,25509.00,48574.00,391,51,27,0
2021-08,523,71.32,202.17,141.39,3.5794,5.0000,75408.00,21067.00,54341.00,398,50,27,0
2021-09,493,68.76,262.44,202.48,2.9099,5.0000,88967.00,30574.00,58393.00,405,40,26,0
2021-10,495,72.93,267.12,188.17,3.9120,5.0000,96430.00,24650.00,71780.00,394,47,17,0
2021-11,526,71.86,271.06,210.83,3.3517,5.0000,102461.00,30570.00,71891.00,391,51,36,0
2021-12,565,73.10,341.82,249.39,3.7737,5.0000,141171.00,37409.00,103762.00,438,68,30,0
2022-01,494,74.09,507.71,344.37,4.2826,5.0000,185821.00,43390.00,142431.00,369,58,37,0
2022-02,443,75.85,482.19,389.32,3.9260,5.0000,162017.00,41268.00,120749.00,338,49,30,0
2022-03,529,75.24,479.02,330.82,4.4330,5.0000,190651.00,43007.00,147644.00,407,49,29,0
2022-04,478,78.24,392.15,296.11,4.9040,5.0000,146663.00,29907.00,116756.00,359,54,37,0
2022-05,554,77.98,497.43,375.79,4.8053,5.0000,214888.00,44719.00,170169.00,412,70,33,0
2022-06,554,73.83,358.38,275.44,3.6955,5.0000,146579.00,39664.00,106915.00,428,54,36,0
2022-07,504,70.24,328.72,228.85,3.4126,5.0000,116367.00,34099.00,82268.00,385,48,30,0
2022-08,559,74.60,306.22,201.93,4.5823,5.0000,127694.00,27867.00,99827.00,436,59,35,0
2022-09,529,75.43,346.03,270.00,3.9949,5.0000,138065.00,34560.00,103505.00,419,56,27,0
2022-10,563,74.78,367.10,262.39,4.2682,5.0000,154550.00,36210.00,118340.00,419,61,41,0
2022-11,563,75.84,284.13,240.06,3.7999,5.0000,121322.00,31928.00,89394.00,419,70,34,0
2022-12,490,69.59,329.72,232.08,3.2734,5.0000,112435.00,34348.00,78087.00,380,40,29,0
2023-01,517,70.99,263.50,231.57,2.8217,5.0000,96706.00,34272.00,62434.00,406,44,32,0
2023-02,482,71.16,296.32,219.15,3.3607,5.0000,101639.00,30243.00,71396.00,367,52,28,0
2023-03,540,76.67,305.30,212.03,4.8464,5.0000,126394.00,26080.00,100314.00,396,60,34,0
2023-04,474,75.95,231.60,195.07,3.8855,5.0000,83376.00,21458.00,61918.00,373,36,35,0
2023-05,538,73.61,226.35,171.09,3.7422,5.0000,89636.00,23953.00,65683.00,408,71,27,0
2023-06,484,69.01,247.94,199.81,2.8194,5.0000,82812.00,29372.00,53440.00,369,44,26,0
2023-07,463,59.83,250.13,277.85,1.3552,5.0000,69286.00,51125.00,18161.00,369,37,25,0
2023-08,530,56.98,314.47,356.96,1.1669,5.0000,94970.00,81386.00,13584.00,402,61,32,0
2023-09,464,51.72,267.32,328.63,0.8715,5.0000,64156.00,73613.00,-9457.00,324,83,34,0
2023-10,479,50.73,288.92,347.51,0.8671,5.0000,70207.00,80970.00,-10763.00,349,68,31,0
2023-11,463,44.28,216.79,298.48,0.5771,5.0000,44441.00,77009.00,-32568.00,331,68,29,0
2023-12,447,45.41,244.92,290.14,0.7052,5.0000,49719.00,70503.00,-20784.00,286,80,31,0
2024-01,461,53.58,264.45,337.85,0.9077,5.0000,65318.00,71963.00,-6645.00,351,46,24,0
2024-02,438,51.60,311.52,333.73,0.9998,5.0000,70404.00,70417.00,-13.00,312,71,34,0
2024-03,459,50.54,343.75,345.61,1.0165,5.0000,79750.00,78454.00,1296.00,326,64,25,0
2024-04,521,54.89,307.06,392.61,0.9559,5.0000,87820.00,91870.00,-4050.00,369,74,43,0
2024-05,466,50.43,250.97,298.87,0.8543,5.0000,58978.00,69040.00,-10062.00,309,65,47,0
2024-06,416,50.24,303.79,340.30,0.9013,5.0000,63492.00,70443.00,-6951.00,308,57,22,0
2024-07,491,52.95,393.23,424.69,1.0422,5.0000,102240.00,98104.00,4136.00,357,65,32,0
2024-08,506,60.08,468.87,472.17,1.5094,5.0000,142535.00,94434.00,48101.00,364,62,41,0
2024-09,465,60.86,347.81,410.01,1.3190,5.0000,98429.00,74622.00,23807.00,350,53,26,0
2024-10,534,57.49,353.74,384.18,1.2508,5.0000,108597.00,86825.00,21772.00,396,65,38,0
2024-11,491,54.79,356.02,437.60,0.9903,5.0000,95770.00,96709.00,-939.00,365,63,21,0
2024-12,478,51.88,278.50,386.75,0.7833,5.0000,69069.00,88180.00,-19111.00,347,51,39,0
2025-01,460,61.09,429.52,417.97,1.6132,5.0000,120696.00,74816.00,45880.00,354,52,29,0
2025-02,448,55.58,375.82,357.94,1.3271,5.0000,93580.00,70515.00,23065.00,297,78,40,0
2025-03,460,55.00,415.22,462.48,1.1027,5.0000,105050.00,95270.00,9780.00,336,55,49,0
2025-04,459,53.38,150.27,483.05,0.3595,5.0000,36815.00,102406.00,-65591.00,344,45,35,0
2025-05,544,57.17,109.77,330.96,0.4585,5.0000,34140.00,74465.00,-40325.00,404,60,31,0
2025-06,505,54.06,95.57,324.19,0.3577,5.0000,26091.00,72942.00,-46851.00,352,49,52,0
2025-07,516,46.51,82.24,260.12,0.2842,5.0000,19737.00,69453.00,-49716.00,361,69,33,0
2025-08,484,49.59,102.71,329.34,0.3145,5.0000,24651.00,78384.00,-53733.00,346,61,27,0
2025-09,483,52.59,80.01,275.69,0.3291,5.0000,20323.00,61755.00,-41432.00,360,38,46,0
2025-10,514,50.78,91.01,365.42,0.2600,5.0000,23754.00,91354.00,-67600.00,364,74,37,0
2025-11,439,48.29,139.44,603.69,0.2196,5.0000,29561.00,134622.00,-105061.00,314,59,33,0
2025-12,488,46.52,124.15,421.67,0.2621,5.0000,28183.00,107526.00,-79343.00,340,60,47,0
2026-01,453,52.54,94.32,438.39,0.2393,5.0000,22447.00,93816.00,-71369.00,347,53,32,0
2026-02,420,51.19,130.42,467.77,0.2924,5.0000,28041.00,95893.00,-67852.00,299,55,39,0
2026-03,478,54.39,130.63,499.12,0.3122,4.9952,33965.05,108809.00,-74843.95,339,62,51,0
2026-04,489,55.21,111.33,433.62,0.3209,5.0000,30058.00,93663.00,-63605.00,341,67,36,0
2026-05,23,43.48,142.70,448.46,0.2448,5.0000,1427.00,5830.00,-4403.00,19,1,2,0
